                  epoch,         train/box_loss,         train/cls_loss,         train/dfl_loss,   metrics/precision(B),      metrics/recall(B),       metrics/mAP50(B),    metrics/mAP50-95(B),           val/box_loss,           val/cls_loss,           val/dfl_loss,                 lr/pg0,                 lr/pg1,                 lr/pg2
                      1,                 2.5654,                 4.4959,                 2.4288,                0.03306,                0.05487,                0.01024,                0.00272,                 2.6236,                 22.071,                  2.814,             0.00040923,             0.00040923,             0.00040923
                      2,                 2.3032,                  3.448,                 2.1945,                 0.0879,                0.15819,                0.03734,                0.01212,                 2.5084,                 14.458,                  2.885,             0.00082426,             0.00082426,             0.00082426
                      3,                 2.3175,                 3.2834,                 2.2532,                0.05545,                0.06702,                0.02176,                0.00587,                 2.9368,                 16.926,                 2.9883,              0.0012376,              0.0012376,              0.0012376
                      4,                 2.2828,                 3.2602,                 2.2495,                0.12056,                0.17984,                0.06537,                0.02094,                 2.4978,                 3.6321,                 2.5079,              0.0012426,              0.0012426,              0.0012426
                      5,                 2.2677,                 3.1228,                 2.1927,                0.17588,                0.18825,                0.07802,                0.01978,                 2.4431,                 3.2681,                 2.5031,              0.0012401,              0.0012401,              0.0012401
